{
    "connection": {
        "host": "localhost",
        "port": 8080,
        "username": "your_username",
        "password": "your_password"
    },
    "logging": {
        "log_file": "logs/gateway.log",
        "error_file": "logs/error.log",
        "log_level": "INFO"
    },
    "market_data": {
        "symbols": [
            "HSI",
            "HSCEI",
            "MHI"
        ],
        "subscription_mode": "snapshot",
        "update_interval_ms": 1000
    },
    "trading": {
        "default_account": "your_trading_account",
        "max_orders_per_second": 50,
        "retry_attempts": 3,
        "retry_delay_ms": 1000
    },
    "session": {
        "auto_reconnect": true,
        "reconnect_interval_ms": 5000,
        "max_reconnect_attempts": 5,
        "heartbeat_interval_ms": 30000
    }
} 